USE akura;

INSERT INTO `student` (`stID`, `name`, `school`, `teleres`, `telemob`, `email`, `gender`, `address`, `ALyear`, `login`) VALUES
('S-2019-001', 'Kamalika Jayasekara', 'Musaeus College', 112456543, 770088515, 'tharushi68@gmail.com', NULL, '', 2019, 1),
('S-2019-002', 'Ashera Silva', NULL, NULL, NULL, 'nimesha1996@gmail.com', NULL, NULL, 2019, 0),
('S-2019-003', 'Kasuni Hasanga', NULL, NULL, NULL, 'tharushi68@gmail.com', NULL, NULL, 2019, 0),
('S-2019-004', 'Anne De Silva', NULL, NULL, NULL, 'tharushi68@gmail.com', NULL, NULL, 2019, 0),
('S-2019-005', 'Anne De Silva', NULL, NULL, NULL, 'tharushi68@gmail.com', NULL, NULL, 2019, 0),
('S-2019-006', 'Anne De Silva', NULL, NULL, NULL, 'tharushi96@gmail.com', NULL, NULL, 2019, 0),
('S-2019-007', 'Anne De Silva', NULL, NULL, NULL, 'tharushi96@gmail.com', NULL, NULL, 2019, 0),
('S-2019-008', 'Anne De Silva', NULL, NULL, NULL, 'tharushi96@gmail.com', NULL, NULL, 2019, 0),
('S-2019-009', 'Anne De Silva', NULL, NULL, NULL, 'tharushi96@gmail.com', NULL, NULL, 2019, 0),
('S-2019-010', 'Mahela Jayasekara', NULL, NULL, NULL, 'tharushi96@gmail.com', NULL, NULL, 2019, 0),
('S-2019-011', 'Isuru Akalanka', NULL, NULL, NULL, 'bandaranayake11@gmail.com', NULL, NULL, 2019, 0),
('S-2019-012', 'Tharuka Nimesha', NULL, NULL, NULL, 'nimesha1996@gmail.com', NULL, NULL, 2019, 0),
('S-2019-013', 'Asela Jayasekara', '', 0, 0, 'tharushi68@gmail.com', NULL, '', 2019, 1),
('S-2019-014', 'Hasanga Jayasekara', NULL, NULL, NULL, 'tharushi68@gmail.com', NULL, NULL, 2019, 0),
('S-2019-015', 'Narmada Jayasekara', 'Musaeus College', 0, 0, 'tharushi68@gmail.com', NULL, '', 2019, 0),
('S-2019-016', 'Kasuni Weliwita', NULL, NULL, NULL, 'tharushi96@gmail.com', NULL, NULL, 2019, 0),
('S-2019-017', 'Tharushi Jayasekara', 'Musaeus College', 0, 0, 'tharushi68@gmail.com', NULL, '', 2019, 0),
('S-2019-018', 'test test', NULL, NULL, NULL, 'nimesha1996@gmail.com', NULL, NULL, 2019, 0),
('S-2019-019', 'test test', 'Musaeus College', 0, 0, 'nimesha1996@gmail.com', NULL, '', 2019, 0),
('S-2019-020', 'test test', 'Musaeus College', 0, 0, 'nimesha1996@gmail.com', NULL, '', 2019, 0),
('S-2019-021', 'test test', 'Musaeus College', 712839284, 712839284, 'nimesha1996@gmail.com', NULL, '', 2019, 0),
('S-2019-022', 'interim interim', 'Musaeus College', 718274837, 718274837, 'nimesha1996@gmail.com', NULL, '', 2019, 0),
('S-2019-023', 'interimd interim', 'Musaeus College', 712837261, 712837261, 'nimesha1996@gmail.com', NULL, '', 2019, 0),
('S-2019-024', 'test test', NULL, NULL, NULL, 'nimesha1996@gmail.com', NULL, NULL, 2019, 0),
('S-2019-025', 'test test', NULL, NULL, NULL, 'nimesha1996@gmail.com', NULL, NULL, 2019, 0),
('S-2019-026', 'test test', NULL, NULL, NULL, 'nimesha1996@gmail.com', NULL, NULL, 2019, 0),
('S-2019-027', 'aas asda', NULL, NULL, NULL, 'nimesha1996@gmail.com', NULL, NULL, 2019, 0),
('S-2019-028', 'as as', NULL, NULL, NULL, 'nimesha1996@gmail.com', NULL, NULL, 2019, 0),
('S-2019-029', ' ', NULL, NULL, NULL, '', NULL, NULL, 2019, 0),
('S-2019-030', 'Leshani ', NULL, NULL, NULL, '', NULL, NULL, 2019, 0),
('S-2019-031', 'Leshani Silva', NULL, NULL, NULL, 'tharushi68@gmail.com', NULL, NULL, 2019, 0),
('S-2019-032', 'Dasuni Geeganage', 'Musaeus College', 112412611, 770092736, 'tharushi68@gmail.com', NULL, '', 2019, 1),
('S-2019-033', 'test test', NULL, NULL, NULL, 'nimesha1996@gmail.com', NULL, NULL, 2019, 0),
('S-2019-034', 'ssssss sss', NULL, NULL, NULL, 'bandaranayake11@gmail.com', NULL, NULL, 2019, 0),
('S-2019-035', 'Final Silva', NULL, NULL, NULL, 'nimesha1996@gmail.com', NULL, NULL, 2019, 0),
('S-2019-036', 'FInal Silva', NULL, NULL, NULL, 'nimesha1996@gmail.com', NULL, NULL, 2019, 0),
('S-2019-037', 'Final Silva', NULL, NULL, NULL, 'nimesha1996@gmail.com', NULL, NULL, 2019, 0),
('S-2019-038', 'Final Silva', NULL, NULL, NULL, 'nimesha1996@gmail.com', NULL, NULL, 2019, 0),
('S-2019-039', 'Final Silva', NULL, NULL, NULL, 'nimesha1996@gmail.com', NULL, NULL, 2019, 0),
('S-2019-040', 'test test', NULL, NULL, NULL, 'nimesha1996@gmail.com', NULL, NULL, 2019, 0),
('S-2019-041', 'Kasuni Jayasekara', NULL, NULL, NULL, 'tharushi68@gmail.com', NULL, NULL, 2019, 1),
('s001', 'Nimesha Wickramasinghe', 'St.Josephs College', 112635244, 718283728, 'nimesha@gmail.com', 'Male', '2,Wattala road, Hunupitiya', NULL, 0),
('s002', 'Tharushi Jayasekara', 'Musaeus College', 112412811, 778908909, 'tharushi68@gmail.com', 'Female', '23,Pelawatte', NULL, 0),
('s003', 'Ashera Silva', NULL, NULL, NULL, 'ashera@gmail.com', NULL, NULL, NULL, 0),
('s004', 'test test', NULL, NULL, NULL, 'test', NULL, NULL, NULL, 0),
('s005', 'Dilina Dehigama', NULL, NULL, NULL, 'dilina@gmail.com', NULL, NULL, NULL, 0);

INSERT INTO `lecturer` (`lecID`, `nic`, `name`, `tele`, `email`, `qualification`, `address`, `login`) VALUES
('L-AKURA-001', '908765787V', 'Kasun Perera', 779283745, 'kasunperera@gmail.com', 'BSc Mathematics UCSC', 'No:5, Reid Avenue, Colombo', 1),
('L-AKURA-002', '907687987V', 'Akila Rangoda', 716576879, 'akila@gmail.com', 'Bsc (Hons) Physics', NULL, 0),
('L-AKURA-003', '913827392V', 'Isuru Bandaranayake', 712938729, 'isuru@gmail.com', 'Bsc Chemistry', NULL, 0),
('L-AKURA-004', '853824792V', 'Thusitha Bandara', 702839128, 'thusitha@yahoo.com', 'Bsc (Hons) Microbiology', NULL, 0),
('L-AKURA-005', '908767283V', 'Narmada Weliwita', NULL, 'tharushi96@gmail.com', NULL, NULL, 0),
('L-AKURA-006', '908767283V', 'Narmada Weliwita', NULL, 'tharushi96@gmail.com', NULL, NULL, 0),
('L-AKURA-007', '886374657V', 'Mahela Withana', NULL, 'tharushi96@gmail.com', NULL, NULL, 0),
('L-AKURA-008', '908767283V', 'Nimmi Welikala', NULL, 'tharushi96@gmail.com', NULL, NULL, 0),
('L-AKURA-009', '886374657V', 'Asela Kodikara', NULL, 'tharushi96@gmail.com', NULL, NULL, 0),
('L-AKURA-010', '908767283V', 'Mahela Jayasekara', NULL, 'narmada@gmail.com', NULL, NULL, 0),
('L-AKURA-011', '908767283V', 'Mahela Jayasekara', NULL, 'tharushi68@gmail.com', NULL, NULL, 0),
('L-AKURA-012', '908767283V', 'Narmada Silva', NULL, 'tharushi68@gmail.com', NULL, NULL, 0),
('L-AKURA-013', '886374657V', 'Tharushi Jayasekara', NULL, 'tharushi68@gmail.com', NULL, NULL, 0),
('L-AKURA-014', '886374657V', 'Narmada Withana', NULL, 'tharushi68@gmail.com', NULL, NULL, 0),
('L-AKURA-015', '886374657V', 'Mahela Withana', NULL, 'tharushi68@gmail.com', NULL, NULL, 0),
('L-AKURA-016', '886374657V', 'Mahela Withana', NULL, 'tharushi68@gmail.com', NULL, NULL, 0),
('L-AKURA-017', '886374657V', 'Nimmi Welikala', NULL, 'tharushi68@gmail.com', NULL, NULL, 0),
('L-AKURA-018', '886374657V', 'Tharushi Jayasekara', NULL, 'tharushi68@gmail.com', NULL, NULL, 0),
('L-AKURA-019', '886374657V', 'Mahela Jayasekara', NULL, 'tharushi68@gmail.com', NULL, NULL, 0),
('L-AKURA-020', '', 'test test', NULL, 'nimesha1996@gmail.com', NULL, NULL, 0),
('L-AKURA-021', '908767283V', 'Narmada Jayasekara', 770065786, 'tharushi68@gmail.com', 'BSc Maths', '', 1),
('L-AKURA-022', '908767283V', 'Hashini Perera', NULL, 'tharushi68@gmail.com', NULL, NULL, 0),
('L-AKURA-023', '886374657V', 'Ashera Silva', 776543212, 'tharushi68@gmail.com', 'Bsc', NULL, 0),
('L-AKURA-024', '886374657V', 'Sanduni Kariyawasam', 778678765, 'tharushi68@gmail.com', 'Bsc', NULL, 0);

INSERT INTO `parent` (`paID`, `stID`, `name`, `teleres`, `telemob`, `email`, `relationship`) VALUES
('P-2019-001', 'S-2019-001', 'Amali Jayasekara', 112456543, 770088515, 'amalij@gmail.com', 'Mother');

INSERT INTO `subject` (`subID`, `subname`, `medium`, `hall`, `fromTime`, `toTime`, `year`, `day`, `lecID`, `fee`) VALUES
('S01', 'Combined Maths', 'S', 'Hall A', '15:00:00', '19:00:00', '2019', 'Monday', 'L-AKURA-001', 2000),
('S02', 'Chemistry', 'S', 'Hall B', '15:00:00', '19:00:00', '2020', 'Monday', 'L-AKURA-003', 2500),
('S03', 'Biology', 'S', 'Hall A', '15:00:00', '19:00:00', '2021', 'Friday', 'L-AKURA-004', 2000),
('S04', 'Physics', 'E', 'Hall A', '16:00:00', '19:00:00', '2019', 'Thursday', 'L-AKURA-002', 3000),
('S05', 'Combined Maths', 'S', 'Hall C', '10:00:00', '14:00:00', '2020', 'Saturday', 'L-AKURA-001', 2000),
('S06', 'Physics', 'S', 'Hall A', '14:03:00', '17:06:00', '2019', 'Tuesday', 'L-AKURA-014', 2000),
('S07', 'Physics', 'E', 'Hall A', '15:45:00', '18:07:00', '2020', 'Tuesday', 'L-AKURA-014', 2200),
('S08', 'Physics', 'E', 'Hall C', '14:03:00', '16:05:00', '2021', 'Saturday', 'L-AKURA-014', 2100),
('S09', '', '', '', NULL, NULL, NULL, '', '', NULL),
('S10', 'Combined Maths', 'E', 'Hall B', '15:00:00', '17:00:00', '2019', 'Wednesday', 'L-AKURA-021', 2500),
('S11', 'Combined Maths', 'S', 'Hall B', '08:00:00', '10:00:00', '2019', 'Tuesday', 'L-AKURA-021', 2500),
('S12', 'Physics', 'S', 'Hall A', '20:00:00', '22:00:00', '2020', 'Friday', 'L-AKURA-002', 3000),
('S13', '', '', '', NULL, NULL, NULL, '', '', NULL),
('S14', '', '', '', NULL, NULL, NULL, '', '', NULL),
('S15', 'ICT', 'E', 'Hall C', '13:00:00', '15:00:00', '2019', 'Sunday', 'L-AKURA-028', 2200),
('S16', 'ICT', 'E', 'Hall B', '13:00:00', '15:00:00', '2019', 'Sunday', 'L-AKURA-028', 2200),
('S17', 'Biology', 'S', 'Hall C', '06:00:00', '08:00:00', '2019', 'Wednesday', 'L-AKURA-022', 2200),
('S18', '', '', '', NULL, NULL, NULL, '', '', NULL),
('S19', 'Biology', 'E', 'Hall A', '06:00:00', '08:00:00', '2019', 'Sunday', 'L-AKURA-023', 2500);

INSERT INTO `assignment` (`assID`, `subID`, `stID`, `result`) VALUES
('Integration', 'S01', 'S-2019-001', 50),
('Calculus', 'S01', 'S-2019-001', 70),
('Interpolation', 'S01', 'S-2019-001', 60),
('Algebra', 'S01', 'S-2019-001', 80),
('Organic', 'S02', 'S-2019-001', 77),
('Inorganic', 'S02', 'S-2019-001', 63),
('Simpsons', 'S01', 'S-2019-001', 63),
('Integration', 'S01', 'S-2019-002', 35),
('Integration', 'S01', 'S-2019-003', 75),
('Integration', 'S01', 'S-2019-004', 55),
('Calculus', 'S01', 'S-2019-002', 55),
('Calculus', 'S01', 'S-2019-003', 85),
('Calculus', 'S01', 'S-2019-004', 57),
('Integration', 'S01', 'S-2019-011', 65),
('Calculus', 'S01', 'S-2019-011', 45),
('Trig', 'S05', 'S-2019-002', 80),
('Statistics', 'S05', 'S-2019-002', 90),
('Differentiation', 'S01', 'S-2019-001', 60),
('Differentiation', 'S01', 'S-2019-002', 60),
('Algebra', 'S01', 'S-2019-002', 70),
('Interpolation', 'S01', 'S-2019-002', 40),
('231eqw', 'S01', 'S-2019-001', 30),
('231eqw', 'S01', 'S-2019-002', 1),
('231eqw', 'S01', 'S-2019-003', 2),
('231eqw', 'S01', 'S-2019-004', 30);

INSERT INTO `attendance` (`aID`, `stuID`, `subID`, `date`) VALUES
(5, 'S-2019-001', 'S01', '2018-10-07 18:54:31'),
(8, 'S-2019-017', 'S01', '2018-10-07 19:46:19'),
(19, 'S-2019-017', 'S01', '2018-10-07 19:55:44'),
(22, 'S-2019-015', 'S01', '2018-10-07 20:04:12'),
(23, 'S-2019-003', 'S01', '2018-10-07 20:04:27'),
(24, 'S-2019-017', 'S01', '2018-10-07 20:04:45'),
(25, 'S-2019-003', 'S01', '2018-10-07 20:06:10'),
(26, 'S-2019-017', 'S01', '2018-10-07 20:06:30'),
(27, 'S-2019-017', 'S01', '2018-10-26 12:41:47'),
(28, 'S-2019-028', 'S04', '2019-01-04 15:42:01'),
(30, 'S-2019-001', 'S01', '2019-01-06 09:56:29'),
(31, 'S-2019-017', 'S01', '2019-01-06 09:56:45'),
(32, 'S-2019-001', 'S01', '2019-01-06 17:59:04'),
(33, 'S-2019-002', 'S01', '2019-01-06 17:59:06'),
(34, 'S-2019-011', 'S01', '2019-01-07 09:46:38'),
(35, 'S-2019-032', 'S01', '2019-01-07 09:48:43'),
(36, 'S-2019-001', 'S01', '2019-01-07 09:49:45'),
(37, 'S-2019-032', 'S01', '2019-01-07 12:39:11'),
(38, 'S-2019-033', 'S01', '2019-01-07 14:34:11'),
(39, 'S-2019-004', 'S01', '2019-01-07 14:34:26'),
(40, 'S-2019-003', 'S01', '2019-01-07 14:34:26'),
(42, 'S-2019-035', 'S01', '2019-01-07 16:25:11'),
(43, 'S-2019-011', 'S01', '2019-01-07 16:25:19'),
(44, 'S-2019-004', 'S01', '2019-01-07 16:25:21'),
(45, 'S-2019-036', 'S01', '2019-01-07 17:19:59'),
(46, 'S-2019-035', 'S01', '2019-01-07 17:20:06'),
(47, 'S-2019-011', 'S01', '2019-01-07 17:20:07'),
(48, 'S-2019-037', 'S01', '2019-01-08 07:44:16'),
(50, 'S-2019-004', 'S01', '2019-01-08 07:44:43'),
(51, 'S-2019-003', 'S01', '2019-01-08 07:44:44'),
(52, 'S-2019-038', 'S01', '2019-01-08 08:16:32'),
(53, 'S-2019-036', 'S01', '2019-01-08 08:16:55'),
(54, 'S-2019-004', 'S01', '2019-01-08 08:17:04'),
(55, 'S-2019-003', 'S01', '2019-01-08 08:17:06'),
(56, 'S-2019-039', 'S01', '2019-01-08 09:25:49'),
(57, 'S-2019-037', 'S01', '2019-01-08 09:26:25'),
(58, 'S-2019-039', 'S01', '2019-01-09 09:13:17'),
(59, 'S-2019-041', 'S01', '2019-01-28 23:48:36');

INSERT INTO `discussion_posts` (`postID`, `title`, `descr`, `subID`, `sub_sec`, `postedAt`, `author`, `authorName`) VALUES
(1, 'sin(pi)=0?!', 'Why does sin(pi)=0?', 'S01', 'Trig', '2018-09-25 17:47:27', 'S-2019-001', 'Kamalika Jayasekara'),
(2, 'cos(0)=0?', 'What is the value of cos(0)?', 'S01', 'Trig', '2018-09-26 17:47:27', 'S-2020-001', 'Tharushi Silva'),
(24, 'ODE', 'Why does sin(pi)=0?', 'S01', 'Integration', '2019-01-09 14:44:05', 'L-AKURA-001', 'Kasun Perera'),
(32, 'Equations', 'What are cos functions?', 'S01', 'Trig', '2019-01-10 10:55:34', 'L-AKURA-001', 'Kasun Perera'),
(37, 'final', 'Assignment guidlines', 'S01', 'Trig', '2019-01-30 11:18:59', 'L-AKURA-001', 'Kasun Perera');

INSERT INTO `comments` (`cID`, `comment`, `postID`, `postedAt`, `author`, `subID`, `authorName`) VALUES
(34, '1', 2, '2019-01-07 16:54:36', 'L-AKURA-001', 'S01', 'Kasun Perera');

INSERT INTO `content` (`contentID`, `section`, `title`, `description`, `subID`, `created`, `accResponse`, `dueDate`, `dueTime`) VALUES
('S01-01.pdf', 'Linear Equations', 'Tutorial 1', 'Homework sums to be done', 'S01', '2019-01-10 10:55:34', 'n', NULL, NULL),
('S01-02.pdf', 'Linear Equations', 'Assignment Guideline', 'Practice sums for assignment 4', 'S01', '2019-01-10 10:55:34', 'n', NULL, NULL),
('S01-03.pdf', 'Trig', 'Practice sums', 'Homework to be done', 'S01', '2019-01-10 10:55:34', 'n', NULL, NULL),
('S01-04.pdf', 'interim', 'interim', 'interim', 'S01', '2019-01-10 10:55:34', 'n', NULL, NULL),
('S01-05.pdf', 'NEW SECTION', 'New stuff to do', 'This is a new section ', 'S01', '2019-04-19 05:26:37', 'n', NULL, NULL),
('S01-06.jpg', 'NEW TEST 2', 'The new test with ti', 'The new test with time and che', 'S01', '2019-04-19 08:17:45', 'y', '2019-04-18', '01:00:00'),
('S01-07.jpg', 'NEW TEST 3', 'The new test with ti', 'The new test with time and che', 'S01', '2019-04-19 08:18:20', 'y', '2019-04-19', '13:00:00'),
('S15-01.PNG', 'Networking', 'IPAddressing', 'Tutorial', 'S15', '2019-01-29 15:00:17', 'n', NULL, NULL),
('S15-02.jpg', 'abcde', 'ODEasd', 'Two', 'S15', '2019-01-29 15:04:18', 'n', NULL, NULL);


INSERT INTO `course_topics` (`topicID`, `lecID`, `subID`, `title`) VALUES
(1, 'L-AKURA-001', 'S01', 'Trig'),
(2, 'L-AKURA-001', 'S01', 'Differentiation'),
(3, 'L-AKURA-001', 'S01', 'Integration');


INSERT INTO `enrolment` (`subID`, `stID`, `average`) VALUES
('S01', 'S-2019-001', 59),
('S01', 'S-2019-002', 44),
('S01', 'S-2019-003', 54),
('S01', 'S-2019-004', 47),
('S01', 'S-2019-041', 0),
('S02', 'S-2019-001', 60),
('S04', 'S-2019-041', 0),
('S05', 'S-2019-002', 85);

INSERT INTO `payment` (`pID`, `date`, `month`, `amount`, `stID`, `subID`, `year`) VALUES
(3, '2018-08-10', 'August', 2000, 's001', 'S01', 2018),
(5, '2018-08-10', 'August', 3000, 's001', 'S04', 2018),
(61, '2018-09-18', 'October', 2500, 'S-2019-001', 'S02', 2018),
(62, '2018-09-18', 'October', 3000, 'S-2019-001', 'S04', 2018),
(63, '2018-09-18', 'October', 3000, 'S-2019-001', 'S05', 2018),
(67, '2018-09-20', 'November', 2000, 'S-2019-001', 'S05', 2018),
(68, '2018-09-20', 'November', 2500, 'S-2019-001', 'S02', 2018),
(70, '2018-09-20', 'December', 2000, 'S-2019-001', 'S05', 2018),
(71, '2018-09-21', 'December', 2500, 'S-2019-001', 'S02', 2018),
(76, '2018-09-21', 'November', 3000, 'S-2019-001', 'S04', 2018),
(78, '2018-09-21', 'December', 3000, 'S-2019-001', 'S04', 2018),
(110, '2018-09-17', 'October', 2000, 'S-2019-015', 'S01', 2018),
(111, '2018-09-17', 'October', 3000, 'S-2019-015', 'S04', 2018),
(116, '2018-09-17', 'October', 2000, 'S-2019-017', 'S01', 2018),
(117, '2018-09-17', 'October', 3000, 'S-2019-017', 'S04', 2018),
(118, '2018-09-18', 'September', 1000, 'S-2019-018', 'S01', 2018),
(119, '2018-09-18', 'September', 1000, 'S-2019-018', 'S04', 2018),
(120, '2018-09-18', 'September', 1000, 'S-2019-018', 'S01', 2018),
(121, '2018-09-18', 'September', 1000, 'S-2019-019', 'S01', 2018),
(122, '2018-09-18', 'September', 1000, 'S-2019-019', 'S04', 2018),
(123, '2018-09-18', 'October', 2000, 'S-2019-019', 'S01', 2018),
(124, '2018-09-18', 'October', 3000, 'S-2019-019', 'S04', 2018),
(125, '2018-09-18', 'September', 1000, 'S-2019-020', 'S01', 2018),
(126, '2018-09-18', 'September', 1000, 'S-2019-020', 'S04', 2018),
(127, '2018-09-18', 'October', 2000, 'S-2019-020', 'S01', 2018),
(128, '2018-09-18', 'October', 3000, 'S-2019-020', 'S04', 2018),
(129, '2018-09-18', 'September', 1000, 'S-2019-021', 'S01', 2018),
(130, '2018-09-18', 'September', 1000, 'S-2019-021', 'S04', 2018),
(131, '2018-09-18', 'October', 2000, 'S-2019-021', 'S01', 2018),
(132, '2018-09-18', 'October', 3000, 'S-2019-021', 'S04', 2018),
(133, '2018-09-18', 'September', 1000, 'S-2019-022', 'S01', 2018),
(134, '2018-09-18', 'September', 1000, 'S-2019-022', 'S04', 2018),
(135, '2018-09-18', 'October', 2000, 'S-2019-022', 'S01', 2018),
(136, '2018-09-18', 'October', 3000, 'S-2019-022', 'S04', 2018),
(137, '2018-09-18', 'September', 1000, 'S-2019-023', 'S01', 2018),
(138, '2018-09-18', 'September', 1000, 'S-2019-023', 'S04', 2018),
(139, '2018-09-18', 'October', 2000, 'S-2019-023', 'S01', 2018),
(140, '2018-09-18', 'October', 3000, 'S-2019-023', 'S04', 2018),
(141, '2018-09-23', 'September', 1000, 'S-2019-024', 'S01', 2018),
(142, '2018-09-23', 'September', 1000, 'S-2019-024', 'S04', 2018),
(143, '2018-10-26', 'October', 1000, 'S-2019-027', 'S01', 2018),
(144, '2018-10-26', 'October', 1000, 'S-2019-027', 'S04', 2018),
(145, '2019-01-04', 'January', 2000, 'S-2019-001', 'S05', 2019),
(146, '2019-01-04', 'January', 2500, 'S-2019-001', 'S02', 2019),
(147, '2019-01-04', 'February', 2500, 'S-2019-001', 'S02', 2019),
(148, '2019-01-04', 'February', 2000, 'S-2019-001', 'S05', 2019),
(149, '2019-01-06', 'March', 2500, 'S-2019-001', 'S02', 2019),
(150, '2019-01-06', 'March', 2000, 'S-2019-001', 'S05', 2019),
(152, '2019-01-06', 'April', 2000, 'S-2019-001', 'S05', 2019),
(156, '2019-01-07', 'January', 1000, 'S-2019-031', 'S01', 2018),
(157, '2019-01-07', 'January', 1000, 'S-2019-031', 'S04', 2018),
(158, '2019-01-07', 'January', 1000, 'S-2019-032', 'S01', 2018),
(159, '2019-01-07', 'January', 1000, 'S-2019-032', 'S04', 2018),
(162, '2019-01-07', 'February', 2000, 'S-2019-032', 'S01', 2019),
(163, '2019-01-07', 'February', 3000, 'S-2019-032', 'S04', 2019),
(164, '2019-01-07', 'January', 3000, 'S-2019-033', 'S01', 2019),
(165, '2019-01-07', 'January', 3000, 'S-2019-033', 'S04', 2019),
(166, '2019-01-07', 'February', 2000, 'S-2019-033', 'S01', 2019),
(167, '2019-01-07', 'February', 3000, 'S-2019-033', 'S04', 2019),
(168, '2019-01-07', 'January', 3000, 'S-2019-034', 'S01', 2019),
(169, '2019-01-07', 'January', 3000, 'S-2019-034', 'S06', 2019),
(170, '2019-01-07', 'January', 3000, 'S-2019-035', 'S01', 2019),
(171, '2019-01-07', 'January', 3000, 'S-2019-035', 'S04', 2019),
(172, '2019-01-07', 'February', 2000, 'S-2019-035', 'S01', 2019),
(173, '2019-01-07', 'February', 3000, 'S-2019-035', 'S04', 2019),
(174, '2019-01-07', 'January', 3000, 'S-2019-036', 'S01', 2019),
(175, '2019-01-07', 'January', 3000, 'S-2019-036', 'S04', 2019),
(176, '2019-01-07', 'February', 2000, 'S-2019-036', 'S01', 2019),
(177, '2019-01-07', 'February', 3000, 'S-2019-036', 'S04', 2019),
(178, '2019-01-08', 'January', 3000, 'S-2019-037', 'S01', 2019),
(179, '2019-01-08', 'January', 3000, 'S-2019-037', 'S04', 2019),
(180, '2019-01-08', 'February', 2000, 'S-2019-037', 'S01', 2019),
(181, '2019-01-08', 'February', 3000, 'S-2019-037', 'S04', 2019),
(182, '2019-01-08', 'January', 3000, 'S-2019-038', 'S01', 2019),
(183, '2019-01-08', 'January', 3000, 'S-2019-038', 'S04', 2019),
(184, '2019-01-08', 'February', 2000, 'S-2019-038', 'S01', 2019),
(185, '2019-01-08', 'February', 3000, 'S-2019-038', 'S04', 2019),
(186, '2019-01-08', 'January', 3000, 'S-2019-039', 'S01', 2019),
(187, '2019-01-08', 'January', 3000, 'S-2019-039', 'S04', 2019),
(188, '2019-01-08', 'February', 2000, 'S-2019-039', 'S01', 2019),
(189, '2019-01-08', 'February', 3000, 'S-2019-039', 'S04', 2019),
(190, '2019-01-28', 'January', 3000, '', 'S01', 2019),
(191, '2019-01-28', 'January', 3000, '', 'S04', 2019),
(192, '2019-01-29', 'February', 2000, '', 'S01', 2019),
(193, '2019-01-29', 'February', 3000, '', 'S04', 2019),
(196, '2019-01-29', 'January', 3000, NULL, 'S01', 2019),
(197, '2019-01-29', 'January', 3000, '', 'S01', 2019),
(203, '2019-01-30', 'January', 3000, '', 'S01', 2019),
(204, '2019-01-30', 'November', 3000, '', 'S04', 2018),
(205, '2019-01-30', 'January', 3000, '', 'S01', 2019),
(206, '2019-01-30', 'January', 3000, '', 'S04', 2019),
(207, '2019-01-30', 'January', 3000, 'S-2019-041', 'S01', 2019),
(208, '2019-01-30', 'November', 3000, 'S-2019-041', 'S04', 2019);

INSERT INTO `sch_changes` (`sch_ID`, `title`, `content`, `created`) VALUES
(16, 'Maths Class Cancelled!', 'Please note Combined Maths class to be held on Tuesday is cancelled.', '2018-10-08 21:52:59'),
(17, 'Poya day holiday', 'Akura institute will be closed on 13th May due to Poya holiday.', '2018-10-08 21:53:25'),
(23, 'Independence Day Holiday', 'Akura Institute will be closed on February 4th in celebration of Independence Day', '2019-01-07 23:36:35');

INSERT INTO `user` (`id`, `password`, `username`, `lastLogin`) VALUES
(1, '$2a$10$BCYu4wAXWMDXpjnqb9PdSeNi2lUtqRCHvUYv6oWxaOKjEgiJN4Sz2', 'Admin', NULL),
(3, 'abc', 'tj', NULL),
(4, '123', 'nimesha', NULL),
(5, '$2b$10$eti5VtrPTsDwpfm7JOatDe.AMgYTWysF0e7QccyOL4m8LZIq5j6na', 'S-2020-0001', NULL),
(6, '$2b$10$DQyQcPsHndLQ.9CHLC47Me8VgPHGtg/WlDno29OjE3ZY5fW9GyYxu', 'S-2019-002', NULL),
(7, '$2b$10$ix0FRM/xHvfpRn5yR9mPaeRxoUbmgITYSjxjFcbt.nee/jzb7zwWq', 'A-AKURA-1', '2019-07-05 06:27:26'),
(8, '$2b$10$BP2eZAqTxoHjlmvl4uaCK.CHO5urgUI8LKqhF0gPLI91RrNrqsnou', 'A-AKURA-2', NULL),
(9, '$2b$10$Meq8syNBkMmnVUCW7D480O2GewkSKg5sNW6xYsNxet5a99Wg1ZnmO', 'A-AKURA-3', NULL),
(10, '$2b$10$wTrU1viTKI8Ex84.dCFRfuYTR3OdnG4bRKs.ykZwoBJy5xCKeyV5u', 'S-2019-003', NULL),
(11, '$2b$10$2sNSgOVTW67wtHef90KCdutKwPnLrxdBCm6IGu2e0U/sOeZYI40YC', 'S-2019-001', '2019-06-12 23:09:46'),
(12, '$2b$10$ktGR0OoNUCVk2ozbdYFId.d47OlcAjCkyt8YNBsHJZt3KGQ7.mLkC', 'L-AKURA-005', NULL),
(13, '$2b$10$BcxkRQSKlMqFBZor3vP5d.5cYVt6iWWcvc1y9W0IpjcF.B28ACppu', 'L-AKURA-006', NULL),
(14, '$2b$10$t1012JzH3arxVH3MCwy05O55431dppBPvtL9BHb0/fNIB9e1NeaBS', 'L-AKURA-007', NULL),
(15, '$2b$10$KbUVLYs/CNr.bGrTnP4p4.NqYEKTOV3e88eysSyewwcHAjmOFt7KG', 'L-AKURA-008', NULL),
(16, '$2b$10$e.6dX0.P3lyRqMWLDshMseEM2weBl0vM6ymhtzsxVCunxrN2uppwq', 'L-AKURA-009', NULL),
(17, '$2b$10$csBO73WL6MYDqaGTO3pfIO3zT6EFIFdtjap7dLk5XhF3sNyDikM/i', 'L-AKURA-001', '2019-07-05 06:28:19'),
(18, '$2b$10$XOUvanzdMVQVO7nKMmqvTunLhb6W1k5/uSHj.envoeizJhTMaRiJ6', 'S-2019-008', NULL),
(19, '$2b$10$YS4umEBw8d8Vqa8t47VAJOHQByZ78K0DLuwS/zR4BcVwDhkd058Xa', 'S-2019-009', NULL),
(20, '$2b$10$0PNXqvI3u1AdhbTtGmzh2OUIdXYIfFGEpwplHWIkdbzy28SI2Wdge', 'S-2020-002', NULL),
(21, '$2b$10$AkEKDBauh/jRF7IM6apwxOU39ZI3SOzw/s8Y2Dfs4mPrcbnquXDWS', 'S-2018-001', NULL),
(22, '$2b$10$evpSAV1vwG6nHn8g4x3lb.dx0PkPRpLLzWPqN8q7NFpGSCYj1hPJi', 'S-2018-002', NULL),
(23, '$2b$10$cE85GeOjGtTjcokwLA.DMeLzsBqu39iNBykQEm.wcmoc8FrP/EVlS', 'S-2018-003', NULL),
(24, '$2b$10$mHxhCRMEOxl/m0r9gLEXaORPK.Q6Cy8YL.FMFyD8ISzn3Yy1Y8rLO', 'S-2018-004', NULL),
(25, '$2b$10$K3dMVouTYj.RgzGrJFkTwOu2JoKZT81TIjigQxHQQC.pEyYtW7dt6', 'S-2018-005', NULL),
(26, '$2b$10$47LSFy8.fd9XboQI39EIZ.FLyR/0.0BgPKwURcs9lyygKE3NM9E4K', 'S-2018-006', NULL),
(27, '$2b$10$uJMII5o.ZDZGDIkdPFPMJ.y7X6o6Ilng.JztHn2vwyUANi3l3h9HC', 'S-2018-007', NULL),
(28, '$2b$10$VVLenODWrvf3gq75QRpDqOAqOwR1ufCWXinG9MOvQ0w1nj.raykwe', 'S-2018-008', NULL),
(29, '$2b$10$MvYct44EPa.rLfHNsHuAIu1ij9VCh51deesz0udp2BoRs/PbWnJBa', 'S-2018-009', NULL),
(30, '$2b$10$06m.2ANBtLVgD8es0JkqReCnKJiTWPTdq1Ypzmcm1C8pyxNKOrVWS', 'S-2018-010', NULL),
(31, '$2b$10$WOEQDcBtEy41mzyfaCSi5elbqjVmmzUYzjGuOwji8FgVZ8CzTwrem', 'S-2018-011', NULL),
(32, '$2b$10$T55lAFYwsjYZCEIz/Pwg7O56t69xJnN7gnwMrQe6fxpBG7m3kcaR.', 'S-2019-010', NULL),
(33, '$2b$10$kG1ElFQlSPl.twVNVesMMugkIm9ubCd2i3fNNiyQ4l2WkBSIDkEHu', 'S-2019-011', NULL),
(34, '$2b$10$2cDPoeKEW/YztAhhq5ZCvOG5u9kXNxA199OzknTSqXb5u0IXlax3O', 'S-2019-012', NULL),
(35, '$2b$10$mO9jen/A2QlJ7o5OT.2ki.28hokmf9JzVXw2IdajrUFEbIhtmA1Ny', 'S-2019-013', NULL),
(36, '$2b$10$LuM5IlpwLXkCAFiqn0KuwOf.2LVN4.O.Yp7Ci23CEfPkEjUmfqvTO', 'S-2019-014', NULL),
(37, '$2b$10$9yW0E5syGWJ4/.Xc1GTfuuDZ0uYqJtUkygyglfiTRDzR17bnntnjG', 'S-2019-015', NULL),
(38, '$2b$10$2XSgEqss/wqdfJRkzm/aNObMo4utsHxcaJmV4wJrX14LD1Xq4rqgC', 'S-2019-016', NULL),
(39, '$2b$10$B6dVtQrsDihYacsrLzf9fun7P2Q79MoPj.bgpUnb7yANlqyMyKaGu', 'S-2019-017', NULL),
(40, '$2b$10$fNI6AKOrQZoXHJxdMK80Zet6cU7qHv/dBhnMjxK.n23bQSrvZUWO6', 'S-2018-001', NULL),
(42, '$2b$10$/KZV5UWc1IOMh8NmQlKaA.d.dJOUyJEU1cmFgyzIeR9WP78rQnl82', 'S-2019-019', NULL),
(43, '$2b$10$XFDotG9Jy1KBu1aPRujwf.SCprXlKVJkNM7g8uJMSjfBunG5Ut6Gm', 'S-2019-020', NULL),
(44, '$2b$10$qOMoDbohJOZlZ2dbQRJCoOiWoWVuFAFGvu.L8XzdhOLm7zcZeCzEy', 'S-2019-021', NULL),
(45, '$2b$10$TcDzwTLI.6bRxPG7FXhO0ulsMnfj9q84KA7IivauyX4dagBiC3L4y', 'S-2019-022', NULL),
(46, '$2b$10$EhFU0PJuWqPTtmp.I0jny.6U1BpgpJZmqNpPQ5nyeQWJcqoui8FEG', 'S-2019-023', NULL),
(47, '$2b$10$gAfsOFhjIEJ6zIOlzYMnEOuC5/obauuTksj91c1hj1I1KhCE5/Aom', 'S-2019-024', NULL),
(48, '$2b$10$rOd6F1PVI73XnOIJIBJ24eVpzkAx16sWAZ8ZNDmO6/MigS20E1P7O', 'S-2019-025', NULL),
(49, '$2b$10$au1KcoGyHOHijVzOSpEOVO/Ha8kE8Gm1KmLUQkQj.eE1E1iWpQCnO', 'S-2019-026', NULL),
(50, '$2b$10$fAuZbJhAo0b5/4aScFQfGetYSlha6NPbezkr9K.ZamHtPlmqKsGUu', 'S-2019-027', NULL),
(51, '$2b$10$t7C/SyAf5wHATVYFeEoyle3FsqgZEj4xvaqJfhGVnzaTOYtaK9PnW', 'L-AKURA-010', NULL),
(52, '$2b$10$cRV0xBIT7NMOHPajmVcKNulaNMhn51bUtDu2GD2rXZgkjoVGVwEWe', 'L-AKURA-011', NULL),
(53, '$2b$10$goTOSdR9Zr8EX2HbvZGhxegtrjJP0dRIVUMOopaGDvGJ7IG6cMJb6', 'L-AKURA-012', NULL),
(54, '$2b$10$qjORBesCZDpolecFCZSIa.YDWjGRQ9rVjzyqvXYlcVkELcKZKw3Ke', 'L-AKURA-013', NULL),
(55, '$2b$10$JKocaSX3f7Tdd9wixpfoCeEabvbJQfdv3krI/qVEcHlGsJdqzZuCy', 'L-AKURA-014', NULL),
(56, '$2b$10$J452S4Nn/c5CM78AY1ZDxu8wvo0nbT.vx5lngCzd6ghjuNuRHFNv6', 'L-AKURA-015', NULL),
(57, '$2b$10$Q6K9IRUOR98klXNwq7U5huyJHxuEbwwuLyllMv5KZiyp5bTwWw4jq', 'L-AKURA-016', NULL),
(58, '$2b$10$8O6y/rqFhvap8zO8E08XBuV5I3T6tTGSft7f1N7MIFDv32FDs453K', 'L-AKURA-017', NULL),
(59, '$2b$10$2EL90H3fwqKCWj2KbhqaQ.Nk8MpOonrtKwsAyf4gI0OOXg2ivSAD.', 'L-AKURA-018', NULL),
(60, '$2b$10$lUzTjmr3x.yWbE1zob1xfODLA.jQycz/1MfbotSBtv9PoS6L5.1Gi', 'L-AKURA-019', NULL),
(61, '$2b$10$tLDI22O5lv.hLUQ.J6znTO4QJHcGxSarEm2hpI3vMKvt0CB.DYLvC', 'S-2019-028', NULL),
(62, '$2b$10$zZ/RBgHQ8cEmlza9o8oXiOgGhjCRc7h5jiKfEHnVGxuWWxTZha.RO', 'SA-AKURA-1', '2019-06-12 21:38:12'),
(63, '$2b$10$XDP6BltENP4YAbCWJoG2QeBduZ7Vpb4hYs.e0VV6pXSiT.TAj3to6', 'L-AKURA-020', NULL),
(64, '$2b$10$uvc8X6ph4VgLy30Eh6C/ye60cypXBF6zG1MEBHzhqbZBGooDQC0Wm', 'S-2019-029', NULL),
(65, '$2b$10$Sech8ki3BWD3TVFRchp1yesLnhwi9nlCzP8ktCBznag0J08tt1uau', 'S-2019-030', NULL),
(66, '$2b$10$QyUHkFbd7Tym8MryTXHE0eVKWnYimQit127f5Q0.WwJaGsXdCc1Q6', 'S-2019-031', NULL),
(67, '$2b$10$5aETwKONBEugnYjYvO1Nr.FGixpVbYZqZCLFIyB0ipacEHhJitwKm', 'S-2019-032', NULL),
(68, '$2b$10$hvY0zuARk05l0ErDZeTcWOfHuANkW7fnZOJr.LFS0RzKthvHeC0qK', 'L-AKURA-021', NULL),
(69, '$2b$10$sopnwMdn4PX3/XP5mh0J3O3KOg0l./42nsFmvD9SJrfDhRHeWGZi6', 'S-2019-033', NULL),
(70, '$2b$10$spSjAFxMSphjuQX8AcTiNenQ0Y0bcDRnZP7CdJeKq1cTSEcqFyO6K', 'S-2019-034', NULL),
(71, '$2b$10$JzooL9bfxBs0VZX4yoFMLeR/bDSazRFRN3lpyiri/.DLs9mGK8EbK', 'S-2019-035', NULL),
(72, '$2b$10$3.39agnVM08n7YkZWTJQEeYN/sRTM9sZTAEyT7JkfqaOzrSZWZgn6', 'S-2019-036', '2019-01-29 05:24:36'),
(73, '$2b$10$bJRk1keqOtuG3P./WoWJbeUE5HDrjJfaCo./6Id9zE2DQ/VRV/IGG', 'S-2019-037', NULL),
(74, '$2b$10$iLFH.VXQHX0qQy8l1MEDVeIggRLwZ1YgbZlp/e3dnYGjmqGOA/rnq', 'S-2019-038', NULL),
(75, '$2b$10$vW3BkO9UX6DtsaIEawSNm.wMC7PIyNeSRTNfgtp.z6AkHich.XKTa', 'S-2019-039', NULL),
(76, '$2b$10$kgOc0eEXnuyd.kKJAa0d6.iDIgbo7YRAnngJgXeqG7zJK4TJJZj4K', 'S-2019-040', NULL),
(77, '$2b$10$YCZpuz2C0YBuk6Ldl9b3su/yzJXSZgyAfVO7IrJDHtxzowGc1DuPi', 'L-AKURA-022', NULL),
(78, '$2b$10$VdrXYKhrtx28p5x8lBX21uxsKjBIXAMT5OJ.1Osln7oYVzyaNkB9W', 'L-AKURA-023', NULL),
(79, '$2b$10$5YRLVVDm.arXVobqr.k2zufeISEErsDKKBoE6xM.HNl4RJs0BHRpa', 'L-AKURA-024', NULL),
(86, '$2b$10$.BdueDfnuw3PJTuM7DYJSetw5On1rZUC10KUFpH6zvQES3Au2d7x.', 'S-2019-042', NULL),
(91, '$2b$10$DaNchodge3CbSCnuvZryzOn9fYvR0NhR5Wq7xXChfEonv/GzJXzPG', 'S-2019-041', NULL);